uuid,firstName,lastName,street,city,state,zip,email(s)
D632A927-2676-32BD-E927-4337438AE500,Newton,Ross,608-722 Massa Road,Raufoss,CA,84467,dolor.tempus@yahoo.edu
33CEC6E4-5895-D123-C42D-86A291B32F7B,Guy,Lara,1258 Ut St.,Manisa,NE,51202,metus.in@protonmail.com
4D34719E-CDE5-A8F3-7BDF-25C242B76290,Cortez,Rashad,5722 Sit Rd.,Castanhal,NY,27153,montes@google.edu
65AFEF8C-A14E-7DE6-D1C9-650B93810B6A,Wilkins,Genevieve,Ap #503-814 Quis Av.,Erlangen,OH,94836,eget@outlook.org
F44248C5-6172-4D5A-C697-1725B32F81E0,James,Marshall, 9489 Ac Road,Paita,CA,97661-333,id@aol.org
4BC1312C-29AA-B5BB-A3C9-488CF9F17D4D,Huff,Wynter,Ap #514-4741 Interdum St.,Bronnoysund,TX,55-84,dapibus@google.net,bgrof2@unl.edu
1EFDA221-18CE-7341-A6BD-089226D27A89,Malone,Nyssa,9934 Ornare Rd.,Wiener Neustadt,MN,55377,risus@outlook.ca
474D9694-E5F8-B283-DE50-29385D12CB15,Velez,Rajah,933-4895 Rhoncus. Avenue,Precenicco,NY,50700,vitae.risus@yahoo.com
84B49762-27D9-D403-A6C1-B44A88374D7E,Pate,Nina,5043 Aliquam Street,Viran≈üehir,NE,8980-4786,sed@outlook.edu
8B89D7E1-42F8-EE29-9BC6-CC4ACA606610,Prince,Arsenio,398-6325 Proin Ave,Manokwari,CA,57836,quam@outlook.ca,iking@ooo.com,spetrikov@unl.edu